id,label
1,tensor(0.1619)
2,tensor(0.1332)
3,tensor(0.2494)
4,tensor(0.1526)
5,tensor(0.3228)
6,tensor(0.0857)
7,tensor(0.1843)
8,tensor(0.1267)
9,tensor(0.3871)
10,tensor(0.1164)
11,tensor(0.0885)
12,tensor(0.0932)
13,tensor(0.2040)
14,tensor(0.1303)
15,tensor(0.3575)
16,tensor(0.1606)
17,tensor(0.2668)
18,tensor(0.0729)
19,tensor(0.1123)
20,tensor(0.1301)
21,tensor(0.1536)
22,tensor(0.1392)
23,tensor(0.3230)
24,tensor(0.1065)
25,tensor(0.2047)
26,tensor(0.1208)
27,tensor(0.1061)
28,tensor(0.2241)
29,tensor(0.1680)
30,tensor(0.0840)
31,tensor(0.1207)
32,tensor(0.0430)
33,tensor(0.0942)
34,tensor(0.1671)
35,tensor(0.1697)
36,tensor(0.1618)
37,tensor(0.2876)
38,tensor(0.1164)
39,tensor(0.0751)
40,tensor(0.1637)
41,tensor(0.2088)
42,tensor(0.1591)
43,tensor(0.2401)
44,tensor(0.1163)
45,tensor(0.1590)
46,tensor(0.1734)
47,tensor(0.2264)
48,tensor(0.0795)
49,tensor(0.1583)
50,tensor(0.0898)
51,tensor(0.2729)
52,tensor(0.2689)
53,tensor(0.1790)
54,tensor(0.1583)
55,tensor(0.3921)
56,tensor(0.1001)
57,tensor(0.2050)
58,tensor(0.2681)
59,tensor(0.2971)
60,tensor(0.3534)
61,tensor(0.0919)
62,tensor(0.1095)
63,tensor(0.1168)
64,tensor(0.1198)
65,tensor(0.0627)
66,tensor(0.1457)
67,tensor(0.0886)
68,tensor(0.1274)
69,tensor(0.1540)
70,tensor(0.1494)
71,tensor(0.1732)
72,tensor(0.2574)
73,tensor(0.2184)
74,tensor(0.2033)
75,tensor(0.0971)
76,tensor(0.1618)
77,tensor(0.2819)
78,tensor(0.2712)
79,tensor(0.1891)
80,tensor(0.1320)
81,tensor(0.0964)
82,tensor(0.1686)
83,tensor(0.2201)
84,tensor(0.0445)
85,tensor(0.0795)
86,tensor(0.1058)
87,tensor(0.1095)
88,tensor(0.2043)
89,tensor(0.0695)
90,tensor(0.1331)
91,tensor(0.1286)
92,tensor(0.1736)
93,tensor(0.2327)
94,tensor(0.3709)
95,tensor(0.2648)
96,tensor(0.0696)
97,tensor(0.3683)
98,tensor(0.2774)
99,tensor(0.1270)
100,tensor(0.1831)
101,tensor(0.1165)
102,tensor(0.1591)
103,tensor(0.0421)
104,tensor(0.1183)
105,tensor(0.1420)
106,tensor(0.1245)
107,tensor(0.1521)
108,tensor(0.1772)
109,tensor(0.1042)
110,tensor(0.1461)
111,tensor(0.0488)
112,tensor(0.2478)
113,tensor(0.3100)
114,tensor(0.3602)
115,tensor(0.1964)
116,tensor(0.1437)
117,tensor(0.1558)
118,tensor(0.0962)
119,tensor(0.2053)
120,tensor(0.0590)
121,tensor(0.0862)
122,tensor(0.0524)
123,tensor(0.2549)
124,tensor(0.2206)
125,tensor(0.1351)
126,tensor(0.1126)
127,tensor(0.1081)
128,tensor(0.1586)
129,tensor(0.3382)
130,tensor(0.1815)
131,tensor(0.1450)
132,tensor(0.2914)
133,tensor(0.1535)
134,tensor(0.2330)
135,tensor(0.1836)
136,tensor(0.2458)
137,tensor(0.4761)
138,tensor(0.4926)
139,tensor(0.2418)
140,tensor(0.1474)
141,tensor(0.1772)
142,tensor(0.1146)
143,tensor(0.0707)
144,tensor(0.2502)
145,tensor(0.2427)
146,tensor(0.0804)
147,tensor(0.1472)
148,tensor(0.0619)
149,tensor(0.0493)
150,tensor(0.1572)
151,tensor(0.0871)
152,tensor(0.0890)
153,tensor(0.2000)
154,tensor(0.4290)
155,tensor(0.1211)
156,tensor(0.1506)
157,tensor(0.0980)
158,tensor(0.1261)
159,tensor(0.1918)
160,tensor(0.2335)
161,tensor(0.2491)
162,tensor(0.2532)
163,tensor(0.4079)
164,tensor(0.2344)
165,tensor(0.1329)
166,tensor(0.4431)
167,tensor(0.1185)
168,tensor(0.1053)
169,tensor(0.0826)
170,tensor(0.1950)
171,tensor(0.3019)
172,tensor(0.2255)
173,tensor(0.1010)
174,tensor(0.2720)
175,tensor(0.1063)
176,tensor(0.0893)
177,tensor(0.1822)
178,tensor(0.0797)
179,tensor(0.1252)
180,tensor(0.3168)
181,tensor(0.1458)
182,tensor(0.2288)
183,tensor(0.1949)
184,tensor(0.2683)
185,tensor(0.3288)
186,tensor(0.1009)
187,tensor(0.3355)
188,tensor(0.5725)
189,tensor(0.2080)
190,tensor(0.1886)
191,tensor(0.1577)
192,tensor(0.0950)
193,tensor(0.2677)
194,tensor(0.1143)
195,tensor(0.1678)
196,tensor(0.1359)
197,tensor(0.1097)
198,tensor(0.1717)
199,tensor(0.1673)
200,tensor(0.0953)
201,tensor(0.5435)
202,tensor(0.3370)
203,tensor(0.3860)
204,tensor(0.1619)
205,tensor(0.4215)
206,tensor(0.2520)
207,tensor(0.2968)
208,tensor(0.5133)
209,tensor(0.1035)
210,tensor(0.2633)
211,tensor(0.9306)
212,tensor(0.9377)
213,tensor(0.6979)
214,tensor(0.7264)
215,tensor(0.7466)
216,tensor(0.7888)
217,tensor(0.7110)
218,tensor(0.7110)
219,tensor(0.9667)
220,tensor(0.9667)
221,tensor(0.9713)
222,tensor(0.9587)
223,tensor(0.9586)
224,tensor(0.9671)
225,tensor(0.9707)
226,tensor(0.9693)
227,tensor(0.9840)
228,tensor(0.9813)
229,tensor(0.9460)
230,tensor(0.9506)
231,tensor(0.9558)
232,tensor(0.9510)
233,tensor(0.9137)
234,tensor(0.9365)
235,tensor(0.9510)
236,tensor(0.9510)
237,tensor(0.9713)
238,tensor(0.9682)
239,tensor(0.9891)
240,tensor(0.9856)
241,tensor(0.9339)
242,tensor(0.9022)
243,tensor(0.9141)
244,tensor(0.9591)
245,tensor(0.9248)
246,tensor(0.9248)
247,tensor(0.9375)
248,tensor(0.9483)
249,tensor(0.9401)
250,tensor(0.9401)
251,tensor(0.8541)
252,tensor(0.8587)
253,tensor(0.9329)
254,tensor(0.9329)
255,tensor(0.9064)
256,tensor(0.9064)
257,tensor(0.9460)
258,tensor(0.9460)
259,tensor(0.9199)
260,tensor(0.9309)
261,tensor(0.8192)
262,tensor(0.8619)
263,tensor(0.9621)
264,tensor(0.9621)
265,tensor(0.9213)
266,tensor(0.8827)
267,tensor(0.9083)
268,tensor(0.9004)
269,tensor(0.9535)
270,tensor(0.9621)
271,tensor(0.6070)
272,tensor(0.6367)
273,tensor(0.9568)
274,tensor(0.9637)
275,tensor(0.9515)
276,tensor(0.9450)
277,tensor(0.9769)
278,tensor(0.9789)
279,tensor(0.9191)
280,tensor(0.9134)
281,tensor(0.9703)
282,tensor(0.9702)
283,tensor(0.9561)
284,tensor(0.9561)
285,tensor(0.8663)
286,tensor(0.8663)
287,tensor(0.6009)
288,tensor(0.6536)
289,tensor(0.7652)
290,tensor(0.7652)
291,tensor(0.8779)
292,tensor(0.8779)
293,tensor(0.8545)
294,tensor(0.8458)
295,tensor(0.9410)
296,tensor(0.9410)
297,tensor(0.8641)
298,tensor(0.8641)
299,tensor(0.8652)
300,tensor(0.9321)
301,tensor(0.9625)
302,tensor(0.9618)
303,tensor(0.9617)
304,tensor(0.9709)
305,tensor(0.9743)
306,tensor(0.9825)
307,tensor(0.9726)
308,tensor(0.9718)
309,tensor(0.9434)
310,tensor(0.9434)
311,tensor(0.8735)
312,tensor(0.8997)
313,tensor(0.9945)
314,tensor(0.9945)
315,tensor(0.9882)
316,tensor(0.9867)
317,tensor(0.9232)
318,tensor(0.9232)
319,tensor(0.9699)
320,tensor(0.9722)
321,tensor(0.9686)
322,tensor(0.9702)
323,tensor(0.7788)
324,tensor(0.7788)
325,tensor(0.9539)
326,tensor(0.9535)
327,tensor(0.9674)
328,tensor(0.9755)
329,tensor(0.9739)
330,tensor(0.9739)
331,tensor(0.9452)
332,tensor(0.8866)
333,tensor(0.9223)
334,tensor(0.9223)
335,tensor(0.9651)
336,tensor(0.9677)
337,tensor(0.9702)
338,tensor(0.9702)
339,tensor(0.9451)
340,tensor(0.9599)
341,tensor(0.9651)
342,tensor(0.9662)
343,tensor(0.9812)
344,tensor(0.9854)
345,tensor(0.8551)
346,tensor(0.8290)
347,tensor(0.8222)
348,tensor(0.8104)
349,tensor(0.8833)
350,tensor(0.8212)
351,tensor(0.9724)
352,tensor(0.9806)
353,tensor(0.9652)
354,tensor(0.9652)
355,tensor(0.9397)
356,tensor(0.9426)
357,tensor(0.9726)
358,tensor(0.9594)
359,tensor(0.9867)
360,tensor(0.9824)
361,tensor(0.9738)
362,tensor(0.9737)
363,tensor(0.9785)
364,tensor(0.9774)
365,tensor(0.9714)
366,tensor(0.9660)
367,tensor(0.9812)
368,tensor(0.9812)
369,tensor(0.9655)
370,tensor(0.9688)
371,tensor(0.9885)
372,tensor(0.9853)
373,tensor(0.7755)
374,tensor(0.8259)
375,tensor(0.9073)
376,tensor(0.9237)
377,tensor(0.9021)
378,tensor(0.9420)
379,tensor(0.9053)
380,tensor(0.9064)
381,tensor(0.9560)
382,tensor(0.9601)
383,tensor(0.9382)
384,tensor(0.9390)
385,tensor(0.9316)
386,tensor(0.9413)
387,tensor(0.8939)
388,tensor(0.9212)
389,tensor(0.9448)
390,tensor(0.9448)
391,tensor(0.8212)
392,tensor(0.8268)
393,tensor(0.9687)
394,tensor(0.9687)
395,tensor(0.9636)
396,tensor(0.9664)
397,tensor(0.8413)
398,tensor(0.7625)
399,tensor(0.7083)
400,tensor(0.7055)
401,tensor(0.6535)
402,tensor(0.6159)
403,tensor(0.6262)
404,tensor(0.6300)
405,tensor(0.9294)
406,tensor(0.9294)
407,tensor(0.9197)
408,tensor(0.9299)
409,tensor(0.9841)
410,tensor(0.9801)
411,tensor(0.8569)
412,tensor(0.8947)
413,tensor(0.9602)
414,tensor(0.9602)
415,tensor(0.7086)
416,tensor(0.7669)
417,tensor(0.8536)
418,tensor(0.8536)
419,tensor(0.9269)
420,tensor(0.8940)
421,tensor(0.8530)
422,tensor(0.8107)
423,tensor(0.9350)
424,tensor(0.9473)
425,tensor(0.9554)
426,tensor(0.9167)
427,tensor(0.8873)
428,tensor(0.8873)
429,tensor(0.8899)
430,tensor(0.8806)
431,tensor(0.9813)
432,tensor(0.9791)
433,tensor(0.9680)
434,tensor(0.9680)
435,tensor(0.9242)
436,tensor(0.9019)
437,tensor(0.9750)
438,tensor(0.9765)
439,tensor(0.8664)
440,tensor(0.8664)
441,tensor(0.9595)
442,tensor(0.9640)
443,tensor(0.5961)
444,tensor(0.5961)
445,tensor(0.7622)
446,tensor(0.7622)
447,tensor(0.8654)
448,tensor(0.8793)
449,tensor(0.8021)
450,tensor(0.8021)
451,tensor(0.9002)
452,tensor(0.8949)
453,tensor(0.6814)
454,tensor(0.6470)
455,tensor(0.9169)
456,tensor(0.9345)
457,tensor(0.9790)
458,tensor(0.9697)
459,tensor(0.9583)
460,tensor(0.9492)
461,tensor(0.9158)
462,tensor(0.9166)
463,tensor(0.9730)
464,tensor(0.9730)
465,tensor(0.9841)
466,tensor(0.9577)
467,tensor(0.9542)
468,tensor(0.9461)
469,tensor(0.9586)
470,tensor(0.9570)
471,tensor(0.9726)
472,tensor(0.9761)
473,tensor(0.9272)
474,tensor(0.9256)
475,tensor(0.9547)
476,tensor(0.9615)
477,tensor(0.9804)
478,tensor(0.9815)
479,tensor(0.9843)
480,tensor(0.9820)
481,tensor(0.9767)
482,tensor(0.9800)
483,tensor(0.7675)
484,tensor(0.8065)
485,tensor(0.8302)
486,tensor(0.8706)
487,tensor(0.7793)
488,tensor(0.7746)
489,tensor(0.9277)
490,tensor(0.8797)
491,tensor(0.8374)
492,tensor(0.8374)
493,tensor(0.9422)
494,tensor(0.9513)
495,tensor(0.8692)
496,tensor(0.8527)
497,tensor(0.9590)
498,tensor(0.9544)
499,tensor(0.9448)
500,tensor(0.8948)
501,tensor(0.9428)
502,tensor(0.9428)
503,tensor(0.9773)
504,tensor(0.9672)
505,tensor(0.9556)
506,tensor(0.9461)
507,tensor(0.8949)
508,tensor(0.8949)
509,tensor(0.8831)
510,tensor(0.9188)
511,tensor(0.8465)
512,tensor(0.8584)
513,tensor(0.8437)
514,tensor(0.8587)
515,tensor(0.8206)
516,tensor(0.8163)
517,tensor(0.8951)
518,tensor(0.8780)
519,tensor(0.8632)
520,tensor(0.8451)
521,tensor(0.9092)
522,tensor(0.9243)
523,tensor(0.9689)
524,tensor(0.9689)
525,tensor(0.9047)
526,tensor(0.9047)
527,tensor(0.9199)
528,tensor(0.9104)
529,tensor(0.7645)
530,tensor(0.7893)
531,tensor(0.9121)
532,tensor(0.9121)
533,tensor(0.9889)
534,tensor(0.9867)
535,tensor(0.9631)
536,tensor(0.9631)
537,tensor(0.9620)
538,tensor(0.9564)
539,tensor(0.9299)
540,tensor(0.9065)
541,tensor(0.9740)
542,tensor(0.9740)
543,tensor(0.9179)
544,tensor(0.9179)
545,tensor(0.7608)
546,tensor(0.7645)
547,tensor(0.9407)
548,tensor(0.9407)
549,tensor(0.9126)
550,tensor(0.9118)
551,tensor(0.9080)
552,tensor(0.8880)
553,tensor(0.9175)
554,tensor(0.9209)
555,tensor(0.9177)
556,tensor(0.9177)
557,tensor(0.9014)
558,tensor(0.9014)
559,tensor(0.8285)
560,tensor(0.8297)
561,tensor(0.9562)
562,tensor(0.9627)
563,tensor(0.6064)
564,tensor(0.5128)
565,tensor(0.3998)
566,tensor(0.3585)
567,tensor(0.5299)
568,tensor(0.6276)
569,tensor(0.3745)
570,tensor(0.0460)
571,tensor(0.0295)
572,tensor(0.3990)
573,tensor(0.2879)
574,tensor(0.0948)
575,tensor(0.2207)
576,tensor(0.2593)
577,tensor(0.1952)
578,tensor(0.3457)
579,tensor(0.2709)
580,tensor(0.1996)
581,tensor(0.3626)
582,tensor(0.7905)
583,tensor(0.3263)
584,tensor(0.4162)
585,tensor(0.1908)
586,tensor(0.3835)
587,tensor(0.4032)
588,tensor(0.3567)
589,tensor(0.2786)
590,tensor(0.6953)
591,tensor(0.2452)
592,tensor(0.3138)
593,tensor(0.2185)
594,tensor(0.0778)
595,tensor(0.1994)
596,tensor(0.0575)
597,tensor(0.3069)
598,tensor(0.5175)
599,tensor(0.3607)
600,tensor(0.1399)
601,tensor(0.0913)
602,tensor(0.2914)
603,tensor(0.2413)
604,tensor(0.3276)
605,tensor(0.5991)
606,tensor(0.6757)
607,tensor(0.2380)
608,tensor(0.1158)
609,tensor(0.3448)
610,tensor(0.0881)
611,tensor(0.1655)
612,tensor(0.3289)
613,tensor(0.3812)
614,tensor(0.2405)
615,tensor(0.2909)
616,tensor(0.2055)
617,tensor(0.2819)
618,tensor(0.1844)
619,tensor(0.3368)
620,tensor(0.1845)
621,tensor(0.2164)
622,tensor(0.3393)
623,tensor(0.2384)
624,tensor(0.1021)
625,tensor(0.3068)
626,tensor(0.2639)
627,tensor(0.2000)
628,tensor(0.1649)
629,tensor(0.2855)
630,tensor(0.2963)
631,tensor(0.1773)
632,tensor(0.2260)
633,tensor(0.2182)
634,tensor(0.2102)
635,tensor(0.0848)
636,tensor(0.2378)
637,tensor(0.1408)
638,tensor(0.2275)
639,tensor(0.2395)
640,tensor(0.3615)
641,tensor(0.2780)
642,tensor(0.2023)
643,tensor(0.0723)
644,tensor(0.0872)
645,tensor(0.2897)
646,tensor(0.1398)
647,tensor(0.2317)
648,tensor(0.1689)
649,tensor(0.1998)
650,tensor(0.2261)
651,tensor(0.2107)
652,tensor(0.5991)
653,tensor(0.9536)
654,tensor(0.9706)
655,tensor(0.8494)
656,tensor(0.8531)
657,tensor(0.9455)
658,tensor(0.9472)
659,tensor(0.9604)
660,tensor(0.9582)
661,tensor(0.9678)
662,tensor(0.9678)
663,tensor(0.8983)
664,tensor(0.8632)
665,tensor(0.9595)
666,tensor(0.9680)
667,tensor(0.9808)
668,tensor(0.9808)
669,tensor(0.9665)
670,tensor(0.9729)
671,tensor(0.9593)
672,tensor(0.9593)
673,tensor(0.9265)
674,tensor(0.9315)
675,tensor(0.9100)
676,tensor(0.8915)
677,tensor(0.9433)
678,tensor(0.9433)
679,tensor(0.8243)
680,tensor(0.7338)
681,tensor(0.9546)
682,tensor(0.9546)
683,tensor(0.9859)
684,tensor(0.9820)
685,tensor(0.9695)
686,tensor(0.9700)
687,tensor(0.9344)
688,tensor(0.9196)
689,tensor(0.9630)
690,tensor(0.9757)
691,tensor(0.9717)
692,tensor(0.9717)
693,tensor(0.8865)
694,tensor(0.8865)
695,tensor(0.8798)
696,tensor(0.8811)
697,tensor(0.9709)
698,tensor(0.9756)
699,tensor(0.9483)
700,tensor(0.9411)
701,tensor(0.8865)
702,tensor(0.8857)
703,tensor(0.9511)
704,tensor(0.9545)
705,tensor(0.9412)
706,tensor(0.9314)
707,tensor(0.9735)
708,tensor(0.9768)
709,tensor(0.9563)
710,tensor(0.9563)
711,tensor(0.9151)
712,tensor(0.9372)
713,tensor(0.9136)
714,tensor(0.9136)
715,tensor(0.9166)
716,tensor(0.9166)
717,tensor(0.8848)
718,tensor(0.8848)
719,tensor(0.9033)
720,tensor(0.8864)
721,tensor(0.9664)
722,tensor(0.9656)
723,tensor(0.9038)
724,tensor(0.8951)
725,tensor(0.9097)
726,tensor(0.8916)
727,tensor(0.9203)
728,tensor(0.9374)
729,tensor(0.9560)
730,tensor(0.9560)
731,tensor(0.9769)
732,tensor(0.9709)
733,tensor(0.9710)
734,tensor(0.9668)
735,tensor(0.9663)
736,tensor(0.9590)
737,tensor(0.9094)
738,tensor(0.9094)
739,tensor(0.9429)
740,tensor(0.9265)
741,tensor(0.9518)
742,tensor(0.9518)
743,tensor(0.9469)
744,tensor(0.9469)
745,tensor(0.9783)
746,tensor(0.9765)
747,tensor(0.9676)
748,tensor(0.9693)
749,tensor(0.8265)
750,tensor(0.8265)
751,tensor(0.9553)
752,tensor(0.9455)
753,tensor(0.8548)
754,tensor(0.8588)
755,tensor(0.8955)
756,tensor(0.8870)
757,tensor(0.9340)
758,tensor(0.9398)
759,tensor(0.9743)
760,tensor(0.9743)
761,tensor(0.8449)
762,tensor(0.8671)
763,tensor(0.9295)
764,tensor(0.9295)
765,tensor(0.9721)
766,tensor(0.9766)
767,tensor(0.8409)
768,tensor(0.8607)
769,tensor(0.8923)
770,tensor(0.8833)
771,tensor(0.9566)
772,tensor(0.9476)
773,tensor(0.9264)
774,tensor(0.9264)
775,tensor(0.9470)
776,tensor(0.9470)
777,tensor(0.9475)
778,tensor(0.9453)
779,tensor(0.8828)
780,tensor(0.8861)
781,tensor(0.9260)
782,tensor(0.9260)
783,tensor(0.9261)
784,tensor(0.9261)
785,tensor(0.9006)
786,tensor(0.8925)
787,tensor(0.8951)
788,tensor(0.9638)
789,tensor(0.9082)
790,tensor(0.9082)
791,tensor(0.8571)
792,tensor(0.9022)
793,tensor(0.9489)
794,tensor(0.9489)
795,tensor(0.9637)
796,tensor(0.9635)
797,tensor(0.9373)
798,tensor(0.9378)
799,tensor(0.9698)
800,tensor(0.9600)
801,tensor(0.8916)
802,tensor(0.8916)
803,tensor(0.9262)
804,tensor(0.9167)
805,tensor(0.9632)
806,tensor(0.9590)
807,tensor(0.9278)
808,tensor(0.9278)
809,tensor(0.9175)
810,tensor(0.9175)
811,tensor(0.6609)
812,tensor(0.8062)
813,tensor(0.7570)
814,tensor(0.7472)
815,tensor(0.8570)
816,tensor(0.8570)
817,tensor(0.9543)
818,tensor(0.9543)
819,tensor(0.9748)
820,tensor(0.9649)
821,tensor(0.7451)
822,tensor(0.6812)
823,tensor(0.9375)
824,tensor(0.9367)
825,tensor(0.7750)
826,tensor(0.6990)
827,tensor(0.9018)
828,tensor(0.8777)
829,tensor(0.8206)
830,tensor(0.8206)
831,tensor(0.9528)
832,tensor(0.9339)
833,tensor(0.9114)
834,tensor(0.9317)
835,tensor(0.9719)
836,tensor(0.9762)
837,tensor(0.8984)
838,tensor(0.9017)
839,tensor(0.9103)
840,tensor(0.9266)
841,tensor(0.9676)
842,tensor(0.9741)
843,tensor(0.9865)
844,tensor(0.9933)
845,tensor(0.9842)
846,tensor(0.9845)
847,tensor(0.9361)
848,tensor(0.9361)
849,tensor(0.9910)
850,tensor(0.9883)
851,tensor(0.8853)
852,tensor(0.8846)
853,tensor(0.8775)
854,tensor(0.8775)
855,tensor(0.8832)
856,tensor(0.9123)
857,tensor(0.8258)
858,tensor(0.7813)
859,tensor(0.7342)
860,tensor(0.7720)
861,tensor(0.8172)
862,tensor(0.8172)
863,tensor(0.5377)
864,tensor(0.4981)
865,tensor(0.9541)
866,tensor(0.9857)
867,tensor(0.9601)
868,tensor(0.9601)
869,tensor(0.9685)
870,tensor(0.9685)
871,tensor(0.9592)
872,tensor(0.9623)
873,tensor(0.9436)
874,tensor(0.9436)
875,tensor(0.9763)
876,tensor(0.9763)
877,tensor(0.9140)
878,tensor(0.9430)
879,tensor(0.9551)
880,tensor(0.9551)
881,tensor(0.9797)
882,tensor(0.9846)
883,tensor(0.9762)
884,tensor(0.9817)
885,tensor(0.9883)
886,tensor(0.9869)
887,tensor(0.9744)
888,tensor(0.9810)
889,tensor(0.8729)
890,tensor(0.8791)
891,tensor(0.8851)
892,tensor(0.8947)
893,tensor(0.9841)
894,tensor(0.9841)
895,tensor(0.9739)
896,tensor(0.9751)
897,tensor(0.9084)
898,tensor(0.8920)
899,tensor(0.9507)
900,tensor(0.9574)
901,tensor(0.9089)
902,tensor(0.9089)
903,tensor(0.9651)
904,tensor(0.9627)
905,tensor(0.9190)
906,tensor(0.9190)
907,tensor(0.9803)
908,tensor(0.9803)
909,tensor(0.9582)
910,tensor(0.9582)
911,tensor(0.9420)
912,tensor(0.9420)
913,tensor(0.9599)
914,tensor(0.9510)
915,tensor(0.8800)
916,tensor(0.8773)
917,tensor(0.9564)
918,tensor(0.9576)
919,tensor(0.7657)
920,tensor(0.7657)
921,tensor(0.9348)
922,tensor(0.9348)
923,tensor(0.9816)
924,tensor(0.9786)
925,tensor(0.9582)
926,tensor(0.9627)
927,tensor(0.9759)
928,tensor(0.9752)
929,tensor(0.9277)
930,tensor(0.9198)
931,tensor(0.8860)
932,tensor(0.8765)
933,tensor(0.9347)
934,tensor(0.9347)
935,tensor(0.9423)
936,tensor(0.9483)
937,tensor(0.9355)
938,tensor(0.9405)
939,tensor(0.8807)
940,tensor(0.8896)
941,tensor(0.9058)
942,tensor(0.9058)
943,tensor(0.9699)
944,tensor(0.9627)
945,tensor(0.8790)
946,tensor(0.8790)
947,tensor(0.9197)
948,tensor(0.9197)
949,tensor(0.8744)
950,tensor(0.8835)
951,tensor(0.9213)
952,tensor(0.9353)
953,tensor(0.9195)
954,tensor(0.9460)
955,tensor(0.9125)
956,tensor(0.9249)
957,tensor(0.9590)
958,tensor(0.9590)
959,tensor(0.9719)
960,tensor(0.9719)
961,tensor(0.9806)
962,tensor(0.9806)
963,tensor(0.9462)
964,tensor(0.9462)
965,tensor(0.8983)
966,tensor(0.8803)
967,tensor(0.6571)
968,tensor(0.6571)
969,tensor(0.9113)
970,tensor(0.8491)
971,tensor(0.7763)
972,tensor(0.8322)
973,tensor(0.6324)
974,tensor(0.6324)
975,tensor(0.9701)
976,tensor(0.9665)
977,tensor(0.7728)
978,tensor(0.7728)
979,tensor(0.8704)
980,tensor(0.8941)
981,tensor(0.7981)
982,tensor(0.8446)
983,tensor(0.9434)
984,tensor(0.9388)
985,tensor(0.9323)
986,tensor(0.9248)
987,tensor(0.9525)
988,tensor(0.9510)
989,tensor(0.8542)
990,tensor(0.8542)
991,tensor(0.9724)
992,tensor(0.9724)
993,tensor(0.9344)
994,tensor(0.9056)
995,tensor(0.8846)
996,tensor(0.8846)
997,tensor(0.9607)
998,tensor(0.9614)
999,tensor(0.9743)
1000,tensor(0.9767)
1001,tensor(0.9226)
1002,tensor(0.9226)
1003,tensor(0.9085)
1004,tensor(0.9070)
1005,tensor(0.9160)
1006,tensor(0.9160)
1007,tensor(0.9374)
1008,tensor(0.9374)
1009,tensor(0.9416)
1010,tensor(0.9579)
1011,tensor(0.9546)
1012,tensor(0.9546)
1013,tensor(0.9432)
1014,tensor(0.9477)
1015,tensor(0.9283)
1016,tensor(0.9305)
1017,tensor(0.9425)
1018,tensor(0.9792)
1019,tensor(0.9369)
1020,tensor(0.9179)
1021,tensor(0.9306)
1022,tensor(0.9189)
1023,tensor(0.9665)
1024,tensor(0.9711)
1025,tensor(0.9494)
1026,tensor(0.9560)
1027,tensor(0.9823)
1028,tensor(0.9823)
1029,tensor(0.9688)
1030,tensor(0.9688)
1031,tensor(0.9503)
1032,tensor(0.9533)
1033,tensor(0.9288)
1034,tensor(0.9149)
1035,tensor(0.9494)
1036,tensor(0.9495)
1037,tensor(0.9296)
1038,tensor(0.9486)
1039,tensor(0.9535)
1040,tensor(0.9535)
1041,tensor(0.9010)
1042,tensor(0.9010)
1043,tensor(0.9336)
1044,tensor(0.9336)
1045,tensor(0.8216)
1046,tensor(0.8216)
1047,tensor(0.8881)
1048,tensor(0.9307)
1049,tensor(0.9378)
1050,tensor(0.9426)
1051,tensor(0.9539)
1052,tensor(0.9530)
1053,tensor(0.9896)
1054,tensor(0.9858)
1055,tensor(0.9218)
1056,tensor(0.9218)
1057,tensor(0.9724)
1058,tensor(0.9694)
1059,tensor(0.9796)
1060,tensor(0.9796)
1061,tensor(0.9416)
1062,tensor(0.9472)
1063,tensor(0.9379)
1064,tensor(0.9379)
1065,tensor(0.9166)
1066,tensor(0.9230)
1067,tensor(0.9635)
1068,tensor(0.9712)
1069,tensor(0.9690)
1070,tensor(0.9744)
1071,tensor(0.9624)
1072,tensor(0.9688)
1073,tensor(0.9609)
1074,tensor(0.9449)
1075,tensor(0.7564)
1076,tensor(0.7156)
1077,tensor(0.9284)
1078,tensor(0.9284)
1079,tensor(0.9632)
1080,tensor(0.9619)
1081,tensor(0.9569)
1082,tensor(0.9680)
1083,tensor(0.9618)
1084,tensor(0.9618)
1085,tensor(0.9647)
1086,tensor(0.9686)
1087,tensor(0.9356)
1088,tensor(0.9293)
1089,tensor(0.9442)
1090,tensor(0.9523)
1091,tensor(0.9554)
1092,tensor(0.9486)
1093,tensor(0.9572)
1094,tensor(0.9572)
1095,tensor(0.9382)
1096,tensor(0.8900)
1097,tensor(0.9379)
1098,tensor(0.9271)
1099,tensor(0.9511)
1100,tensor(0.9511)
1101,tensor(0.9520)
1102,tensor(0.9520)
1103,tensor(0.8521)
1104,tensor(0.8521)
1105,tensor(0.8253)
1106,tensor(0.8149)
1107,tensor(0.9385)
1108,tensor(0.9520)
1109,tensor(0.9621)
1110,tensor(0.9697)
1111,tensor(0.9522)
1112,tensor(0.9309)
1113,tensor(0.9792)
1114,tensor(0.9811)
1115,tensor(0.9784)
1116,tensor(0.9660)
1117,tensor(0.9758)
1118,tensor(0.9789)
1119,tensor(0.8853)
1120,tensor(0.8853)
1121,tensor(0.9265)
1122,tensor(0.9232)
1123,tensor(0.9201)
1124,tensor(0.9130)
1125,tensor(0.9751)
1126,tensor(0.9751)
1127,tensor(0.9772)
1128,tensor(0.9772)
1129,tensor(0.9140)
1130,tensor(0.9223)
1131,tensor(0.8988)
1132,tensor(0.8889)
1133,tensor(0.9258)
1134,tensor(0.9258)
1135,tensor(0.9286)
1136,tensor(0.9286)
1137,tensor(0.9743)
1138,tensor(0.9743)
1139,tensor(0.9609)
1140,tensor(0.9609)
1141,tensor(0.9726)
1142,tensor(0.9699)
1143,tensor(0.7165)
1144,tensor(0.7355)
1145,tensor(0.9675)
1146,tensor(0.9687)
1147,tensor(0.9706)
1148,tensor(0.9661)
1149,tensor(0.9618)
1150,tensor(0.9627)
1151,tensor(0.9366)
1152,tensor(0.9438)
1153,tensor(0.9630)
1154,tensor(0.9630)
1155,tensor(0.9270)
1156,tensor(0.9463)
1157,tensor(0.9034)
1158,tensor(0.8608)
1159,tensor(0.9364)
1160,tensor(0.9364)
1161,tensor(0.9074)
1162,tensor(0.9381)
1163,tensor(0.9465)
1164,tensor(0.9632)
1165,tensor(0.9050)
1166,tensor(0.9100)
1167,tensor(0.9502)
1168,tensor(0.9502)
1169,tensor(0.9610)
1170,tensor(0.9369)
1171,tensor(0.9155)
1172,tensor(0.9251)
1173,tensor(0.9608)
1174,tensor(0.9630)
1175,tensor(0.9341)
1176,tensor(0.9341)
1177,tensor(0.9793)
1178,tensor(0.9786)
1179,tensor(0.9549)
1180,tensor(0.9511)
1181,tensor(0.9545)
1182,tensor(0.9569)
1183,tensor(0.8849)
1184,tensor(0.9023)
1185,tensor(0.9207)
1186,tensor(0.9026)
1187,tensor(0.8909)
1188,tensor(0.8807)
1189,tensor(0.9096)
1190,tensor(0.9103)
1191,tensor(0.7393)
1192,tensor(0.7393)
1193,tensor(0.9247)
1194,tensor(0.9247)
1195,tensor(0.9447)
1196,tensor(0.9467)
1197,tensor(0.9082)
1198,tensor(0.9030)
1199,tensor(0.9660)
1200,tensor(0.9660)
1201,tensor(0.9797)
1202,tensor(0.9776)
1203,tensor(0.9184)
1204,tensor(0.9184)
1205,tensor(0.9660)
1206,tensor(0.9692)
1207,tensor(0.9234)
1208,tensor(0.9234)
1209,tensor(0.9177)
1210,tensor(0.9177)
1211,tensor(0.9589)
1212,tensor(0.9589)
1213,tensor(0.9503)
1214,tensor(0.9678)
1215,tensor(0.9694)
1216,tensor(0.9694)
1217,tensor(0.9203)
1218,tensor(0.9236)
1219,tensor(0.9730)
1220,tensor(0.9707)
1221,tensor(0.9334)
1222,tensor(0.9539)
1223,tensor(0.8752)
1224,tensor(0.8397)
1225,tensor(0.9465)
1226,tensor(0.9465)
1227,tensor(0.9484)
1228,tensor(0.9420)
1229,tensor(0.8649)
1230,tensor(0.8741)
1231,tensor(0.9677)
1232,tensor(0.9620)
1233,tensor(0.8430)
1234,tensor(0.8500)
1235,tensor(0.9541)
1236,tensor(0.9562)
1237,tensor(0.8698)
1238,tensor(0.8870)
1239,tensor(0.8926)
1240,tensor(0.8904)
1241,tensor(0.7902)
1242,tensor(0.8191)
1243,tensor(0.8304)
1244,tensor(0.8596)
1245,tensor(0.8288)
1246,tensor(0.8451)
1247,tensor(0.8850)
1248,tensor(0.8855)
1249,tensor(0.9498)
1250,tensor(0.9498)
1251,tensor(0.8928)
1252,tensor(0.8851)
1253,tensor(0.8828)
1254,tensor(0.8892)
1255,tensor(0.9128)
1256,tensor(0.9223)
1257,tensor(0.9284)
1258,tensor(0.9284)
1259,tensor(0.8522)
1260,tensor(0.8729)
1261,tensor(0.8364)
1262,tensor(0.8464)
1263,tensor(0.9129)
1264,tensor(0.9057)
1265,tensor(0.8989)
1266,tensor(0.9073)
1267,tensor(0.9555)
1268,tensor(0.9522)
1269,tensor(0.8635)
1270,tensor(0.8764)
1271,tensor(0.8352)
1272,tensor(0.8335)
1273,tensor(0.9094)
1274,tensor(0.9094)
1275,tensor(0.8096)
1276,tensor(0.8096)
1277,tensor(0.9185)
1278,tensor(0.9378)
1279,tensor(0.8800)
1280,tensor(0.8927)
1281,tensor(0.9567)
1282,tensor(0.9567)
1283,tensor(0.8710)
1284,tensor(0.8828)
1285,tensor(0.8619)
1286,tensor(0.8619)
1287,tensor(0.7909)
1288,tensor(0.7909)
1289,tensor(0.8615)
1290,tensor(0.8613)
1291,tensor(0.7086)
1292,tensor(0.7086)
1293,tensor(0.8179)
1294,tensor(0.8775)
1295,tensor(0.9202)
1296,tensor(0.9202)
1297,tensor(0.9339)
1298,tensor(0.9322)
1299,tensor(0.5227)
1300,tensor(0.5090)
1301,tensor(0.7859)
1302,tensor(0.7859)
1303,tensor(0.9007)
1304,tensor(0.9108)
1305,tensor(0.8588)
1306,tensor(0.8588)
1307,tensor(0.9664)
1308,tensor(0.9664)
1309,tensor(0.8834)
1310,tensor(0.8815)
1311,tensor(0.8070)
1312,tensor(0.8410)
1313,tensor(0.8625)
1314,tensor(0.8625)
1315,tensor(0.9394)
1316,tensor(0.8605)
1317,tensor(0.8378)
1318,tensor(0.8334)
1319,tensor(0.7095)
1320,tensor(0.7095)
1321,tensor(0.8186)
1322,tensor(0.8186)
1323,tensor(0.8065)
1324,tensor(0.8051)
1325,tensor(0.9689)
1326,tensor(0.9732)
1327,tensor(0.8703)
1328,tensor(0.8703)
1329,tensor(0.9531)
1330,tensor(0.9531)
1331,tensor(0.8783)
1332,tensor(0.9103)
1333,tensor(0.8831)
1334,tensor(0.8831)
1335,tensor(0.8997)
1336,tensor(0.9401)
1337,tensor(0.7593)
1338,tensor(0.7784)
1339,tensor(0.8561)
1340,tensor(0.8561)
1341,tensor(0.7012)
1342,tensor(0.7273)
1343,tensor(0.9122)
1344,tensor(0.9122)
1345,tensor(0.9043)
1346,tensor(0.9043)
1347,tensor(0.8509)
1348,tensor(0.8239)
1349,tensor(0.9378)
1350,tensor(0.9147)
1351,tensor(0.7993)
1352,tensor(0.8640)
1353,tensor(0.8052)
1354,tensor(0.8101)
1355,tensor(0.8693)
1356,tensor(0.8693)
1357,tensor(0.6119)
1358,tensor(0.5277)
1359,tensor(0.7514)
1360,tensor(0.7620)
1361,tensor(0.8397)
1362,tensor(0.8397)
1363,tensor(0.8291)
1364,tensor(0.8091)
1365,tensor(0.6463)
1366,tensor(0.6463)
1367,tensor(0.7835)
1368,tensor(0.8278)
1369,tensor(0.8578)
1370,tensor(0.8578)
1371,tensor(0.8539)
1372,tensor(0.8539)
1373,tensor(0.9708)
1374,tensor(0.9718)
1375,tensor(0.9830)
1376,tensor(0.9749)
1377,tensor(0.9427)
1378,tensor(0.9322)
1379,tensor(0.9462)
1380,tensor(0.9632)
1381,tensor(0.9335)
1382,tensor(0.9251)
1383,tensor(0.9385)
1384,tensor(0.9385)
1385,tensor(0.9427)
1386,tensor(0.9421)
1387,tensor(0.9264)
1388,tensor(0.9264)
1389,tensor(0.9443)
1390,tensor(0.9443)
1391,tensor(0.9745)
1392,tensor(0.9745)
1393,tensor(0.9298)
1394,tensor(0.9384)
1395,tensor(0.9203)
1396,tensor(0.9408)
1397,tensor(0.9399)
1398,tensor(0.9433)
1399,tensor(0.8327)
1400,tensor(0.7887)
1401,tensor(0.7944)
1402,tensor(0.7571)
1403,tensor(0.9476)
1404,tensor(0.9495)
1405,tensor(0.9023)
1406,tensor(0.9023)
1407,tensor(0.8122)
1408,tensor(0.8122)
1409,tensor(0.5655)
1410,tensor(0.5955)
1411,tensor(0.7707)
1412,tensor(0.7796)
1413,tensor(0.9066)
1414,tensor(0.9284)
1415,tensor(0.9535)
1416,tensor(0.9535)
1417,tensor(0.9640)
1418,tensor(0.9599)
1419,tensor(0.9009)
1420,tensor(0.9009)
1421,tensor(0.9663)
1422,tensor(0.9667)
1423,tensor(0.8809)
1424,tensor(0.9310)
1425,tensor(0.9392)
1426,tensor(0.9271)
